{"epoch": 0, "train_loss": 5.90152085252808, "train_prec@1": 3.523037910461426, "train_prec@5": 10.795392036437988, "val_loss": 5.850287754058838, "val_prec@1": 7.937999725341797, "val_prec@5": 21.417999267578125, "_timestamp": 1707293744.730224, "_runtime": 5058.664016008377, "_step": 0, "_wandb": {"runtime": 5414}}