{"epoch": 4, "train_loss": 3.1039493190582483, "train_prec@1": 34.85689163208008, "train_prec@5": 59.522281646728516, "val_loss": 2.614707442626953, "val_prec@1": 41.582000732421875, "val_prec@5": 68.197998046875, "_timestamp": 1707123744.3177009, "_runtime": 18715.33674287796, "_step": 4, "_wandb": {"runtime": 18715}}