{"epoch": 4, "train_loss": 3.119064307631301, "train_prec@1": 34.53663635253906, "train_prec@5": 59.21320724487305, "val_loss": 3.306161502532959, "val_prec@1": 39.10199737548828, "val_prec@5": 65.16999816894531, "_timestamp": 1707145320.4458594, "_runtime": 17990.20529651642, "_step": 4, "_wandb": {"runtime": 17989}}