{"epoch": 41, "train_loss": 1.2053119850973861, "train_prec@1": 71.29178619384766, "train_prec@5": 88.64726257324219, "val_loss": 1.0994840195465088, "val_prec@1": 72.61000061035156, "val_prec@5": 90.843994140625, "_timestamp": 1707263935.0111377, "_runtime": 99214.49116683006, "_step": 41}